id	First Name	Last Name	Email
1	Tanya	Ramirez	tanyaramirez43@hernandez.com
2	Keith	Jones	keithj11@sanders.com
3	Tom	Matthews	tmatthews17@alexander-woods.com
4	Brooke	Williams	brooke.williams@randolph.info
5	Mathew	Burnett	mburnett@fletcher.com
6	Samantha	Robinson	srobinson20@barnes.com
7	Aaron	Johnson	aaronjohnson53@wise.com
8	Donna	Baker	d.baker@castro.com
9	Susan	Stevens	s.stevens63@martinez.biz
10	Justin	Bowman	jbowman@williams.com
11	Deborah	Torres	deborahtorres40@reyes-christensen.com
12	Stacey	Hall	s.hall@rodriguez.info
13	Nancy	Campbell	nancyc38@gray-vasquez.com
14	Michelle	Reynolds	michelle.r66@payne-davis.net
15	Leroy	Herring	lherring26@preston-gardner.org
16	Stephanie	King	s.king75@murray.com
17	Rachel	Cruz	rcruz@parrish.com
18	Lauren	Richards	laurenr@hamilton-wilson.com
19	Jennifer	Ortiz	jortiz@casey-mendez.com
20	Samantha	Lawson	samanthalawson47@ray-taylor.biz
21	Hailey	Wright	hwright88@silva-manning.biz
22	Alice	Thompson	athompson76@stein.com
23	Robert	Medina	robert.medina@brooks.com
24	Tiffany	Evans	tiffanyevans76@sharp-reid.com
25	William	Lewis	williamlewis@mason.net
26	Katie	Moody	katiem90@mason.com
27	Richard	Ortiz	richardortiz63@wade-wolfe.org
28	Walter	Heath	wheath42@rodriguez.com
29	James	Nguyen	james.nguyen61@douglas.info
30	Samantha	Butler	s.butler@curry-green.info
31	Aaron	Black	aaronb@bond.com
32	Jacob	Carson	j.carson55@cox-hernandez.com
33	Ashley	Miller	ashleym44@randolph-carr.biz
34	Ethan	Deleon	edeleon40@friedman.com
35	Sandra	Bates	sandrabates26@johnson.com
36	Wendy	James	wendy.j70@richard-white.biz
37	Kara	Dawson	kara.dawson@johnson-summers.net
38	Cynthia	Jacobs	cynthia.jacobs@greene.com
39	Richard	Martin	richard.m37@johnson.info
40	Jared	Underwood	junderwood92@duarte-smith.net
41	Beth	Payne	bpayne@price-gray.com
42	Theresa	Wallace	t.wallace26@harper-werner.biz
43	David	Nguyen	davidn96@douglas.com
44	Kristin	Weiss	kristin.w@young.info
45	Billy	Robinson	billy.r82@evans.info
46	Thomas	Aguirre	thomasa6@morris-anderson.com
47	Tanner	Suarez	tsuarez61@lopez.com
48	Nicholas	Cruz	n.cruz@james.biz
49	Arthur	Whitney	arthurw65@valdez-mendoza.com
50	Pamela	Mendez	pamelam@stewart.com
51	Steven	Davis	s.davis@diaz.com
52	Tyler	Martinez	tyler.martinez95@nichols.biz
53	Erica	Mendoza	erica.mendoza@collins-tyler.info
54	Jeremy	Arroyo	j.arroyo61@johnson.com
55	Wayne	Lyons	wlyons@faulkner.biz
56	Jesus	Cox	j.cox45@kennedy-jacobs.biz
57	Amanda	Moore	amanda.m@smith-jones.com
58	Nathan	Sutton	nathans33@sullivan-wallace.info
59	Joseph	Jones	jjones74@black.com
60	Ashley	Kennedy	ashleykennedy36@camacho.biz
61	David	Anderson	david.anderson62@petty-dalton.com
62	Beth	Owens	betho@lopez.com
63	Julie	Hamilton	jhamilton@dominguez.com
64	Deborah	Harris	deborahh96@williams.org
65	April	Anthony	a.anthony@mcgee-barnett.info
66	Mathew	Rosales	m.rosales@schwartz.com
67	Elizabeth	Buchanan	elizabeth.buchanan21@owens.com
68	Leslie	Houston	lesliehouston95@wilson.com
69	Paul	Marshall	p.marshall@hinton.info
70	Jennifer	Lee	jennifer.l65@carr.com
71	Mark	Harrison	mark.harrison@campbell.com
72	Joan	Austin	joan.austin68@george.net
73	Steven	Miles	smiles@gilmore.org
74	Mary	Aguilar	marya@melendez.com
75	Elizabeth	Gross	e.gross@cantu-hendrix.org
76	Tammy	Perry	tperry13@jones.com
77	Jose	Wilson	jose.wilson42@ruiz.net
78	Paula	Johnson	paula.johnson@orr.com
79	Jared	Smith	jaredsmith29@lopez-howard.com
80	Stephanie	Johnson	stephaniej@wright-kim.com
81	John	Hernandez	j.hernandez@cole.com
82	Sara	Nicholson	sara.nicholson@brewer-blackburn.com
83	Carrie	Chapman	carrie.chapman@rhodes-cordova.net
84	Larry	Kirk	larryk@wallace-wilson.com
85	Alicia	Coleman	a.coleman33@price.com
86	Sarah	Snyder	sarah.s@herrera-kennedy.com
87	Joseph	Herrera	joseph.herrera31@perez-murphy.com
88	Kristen	Sheppard	kristens71@mccoy.com
89	Francisco	Harvey	f.harvey89@garza-smith.com
90	Kevin	Berry	kberry@gregory.com
91	Jose	Ross	j.ross@nixon-johnson.com
92	Emily	Walker	e.walker72@daniels.com
93	Heather	Hunt	heather.h32@jackson.com
94	Kimberly	Garcia	kimberly.garcia@cole-greene.info
95	Gregory	Ramos	g.ramos@james.com
96	Douglas	Foley	douglasfoley@brown.com
97	Johnny	George	johnny.g89@fleming-andrade.biz
98	Dennis	Mendez	d.mendez71@conner.org
99	Jennifer	Miranda	jenniferm93@fisher-campbell.org
100	Kent	Hawkins	k.hawkins58@morales-johnson.biz
101	Bruce	Williams	bruce.williams@scott.com
102	Blake	Palmer	bpalmer@dodson-moore.biz
103	Ryan	Wright	rwright@oconnor-allen.com
104	Corey	Nelson	c.nelson86@johnson.com
105	Victor	Haney	victorhaney@robinson.org
106	Lori	Hunter	l.hunter34@little.com
107	Maria	Marks	maria.m83@wood-short.com
108	Ryan	Macdonald	rmacdonald@wood.biz
109	Javier	Hansen	javierh@hernandez.com
110	Amanda	Golden	a.golden59@martin-lara.com
111	Brandon	Miller	brandon.m89@hampton-long.biz
112	Caitlin	Gallagher	cgallagher54@bradley.com
113	Madeline	Miller	m.miller@patton.com
114	Kristie	Macdonald	k.macdonald89@gonzalez.com
115	Paul	Swanson	paulswanson@turner-lee.com
116	Thomas	Lloyd	thomas.lloyd@fox-ortiz.org
117	Tammy	Mcbride	tammym@middleton.org
118	Robert	Jones	robert.j15@petty-george.org
119	Louis	Beck	l.beck37@rowe.com
120	John	Barron	john.b84@smith-johnson.biz
121	William	Fitzpatrick	wfitzpatrick@morris.info
122	William	Torres	williamtorres@wilson.biz
123	Jodi	Austin	jaustin@ho.com
124	Cristina	Martinez	cmartinez41@ortiz-schmidt.com
125	Carrie	Rios	crios@miller-cruz.com
126	Joshua	Peterson	joshua.peterson@leonard.com
127	Brandon	White	bwhite38@smith.com
128	Jennifer	Miller	jmiller@cruz.com
129	Hunter	Guzman	hunter.g31@buck.com
130	Adam	Diaz	a.diaz15@dominguez.com
131	Robert	Gibbs	robertgibbs@rubio.com
132	Kelly	Hodges	kelly.hodges@singh.com
133	Thomas	Gillespie	thomas.gillespie@greer-horne.com
134	James	Gutierrez	james.gutierrez20@wright.com
135	Kevin	Vasquez	kevinvasquez@davis.com
136	Sara	Huff	sarahuff@fuller.com
137	Stephen	Acosta	stephenacosta32@long.com
138	David	Myers	david.myers@miller-walker.com
139	Stephanie	Miller	stephanie.miller79@watson.com
140	Sara	Williamson	swilliamson71@rodriguez.net
141	Patricia	Martinez	p.martinez11@mejia-tran.com
142	Jose	Rhodes	jose.r@jones.com
143	Margaret	Cook	margaret.c41@orozco-randolph.com
144	Kristina	Dickerson	kdickerson@murray.biz
145	Jay	Lang	jlang48@johnson.com
146	Diana	Roberson	droberson@brewer.com
147	Laura	Lara	llara71@gibbs-newton.com
148	Cynthia	Reese	cynthiar12@rosales.com
149	Mary	Hughes	mary.hughes@simmons.com
150	Lisa	Fowler	lfowler45@thomas.com
151	Shawna	Ferguson	shawna.ferguson@giles-hansen.info
152	Mathew	Key	m.key@phillips.com
153	Tara	Wright	twright@lee.info
154	Mary	Bennett	mbennett@ross-morris.com
155	Matthew	Green	mgreen82@jackson.info
156	Amber	Joseph	ajoseph79@brewer.biz
157	Shane	Norman	shanenorman@arias.com
158	Debbie	Wilson	dwilson@sanchez.com
159	Cynthia	Johnston	c.johnston@thompson-morales.com
160	Kathy	Thompson	kathythompson@ramirez-johnson.info
161	David	Anderson	david.anderson@rodriguez.com
162	Scott	Carey	scarey48@phillips.info
163	Holly	Johnson	hjohnson67@gonzalez.info
164	William	Garcia	william.garcia@jackson-nguyen.com
165	Bernard	Henry	bernard.h35@colon.com
166	Deborah	Mason	dmason@barker.com
167	Rebecca	Mitchell	rebeccamitchell74@miller.biz
168	Julie	Jackson	jjackson23@bennett.com
169	Jesse	Buck	j.buck90@johnston.com
170	Tammy	Powell	tammypowell@parsons-rowland.com
171	Lisa	Mullins	lisamullins@gomez-francis.com
172	Michelle	Dominguez	michelledominguez44@li.net
173	Matthew	Henderson	m.henderson15@lewis.com
174	Lucas	Potter	lucasp44@martinez.com
175	Mark	Waters	mwaters15@sanders.com
176	Jeffrey	Solis	jeffrey.s@fletcher-hansen.com
177	Grace	Hunter	grace.hunter57@simpson.net
178	Scott	Henry	scott.henry@ingram.info
179	Kim	Richmond	k.richmond8@williams-schmitt.com
180	Lisa	Park	lisapark90@nguyen.com
181	Ronald	Sparks	ronald.s43@cuevas.com
182	Melissa	Holder	melissaholder@mcintyre.biz
183	Alexander	Paul	a.paul64@horn.org
184	Natalie	Jensen	nataliej@craig.com
185	Valerie	Medina	vmedina57@bailey-thomas.info
186	Cathy	Taylor	cathytaylor@roman.info
187	Tiffany	Allen	tallen@phillips-buchanan.com
188	Patricia	Anderson	p.anderson57@french.com
189	Gabriella	Kim	gabriellak@dillon-cooper.org
190	Emma	Torres	emma.torres@guerra.info
191	Shawn	Esparza	sesparza11@rose-gonzalez.com
192	Jesus	Dixon	j.dixon@nguyen.com
193	Michael	Nelson	michael.n76@hobbs.info
194	William	Miranda	williammiranda45@smith-edwards.biz
195	Eric	Coleman	ecoleman@russell.org
196	Aaron	Carroll	acarroll17@morgan.com
197	Kristina	Reyes	kristinareyes@wright.org
198	Joanna	Moss	joanna.m@flores.com
199	Ronald	Hoover	ronald.h@morrison.biz
200	Amy	Rose	a.rose@andrews.org
201	Tammy	Adams	t.adams59@clark.biz
202	Andrea	Martinez	andreamartinez@franco.com
203	Peggy	Kelly	p.kelly@thornton.org
204	David	Huff	dhuff@white-gonzales.com
205	Whitney	Peters	whitneyp96@murphy.com
206	Sean	Ortiz	s.ortiz@washington.com
207	Michael	Martin	michaelm@johnson-mosley.biz
208	Maria	Davis	m.davis39@parker.net
209	Gregory	Reese	g.reese@ferrell.com
210	Todd	Phillips	toddphillips47@mora-fields.info
211	Travis	Paul	travis.p97@smith.com
212	John	Dodson	jdodson12@mcgee-huerta.com
213	Edwin	Mccullough	emccullough@floyd.com
214	Megan	Pierce	megan.p@marks-wilson.com
215	Timothy	Lewis	tlewis@schroeder.org
216	Kimberly	Peterson	k.peterson10@kelly.com
217	John	Garcia	john.g85@howell.com
218	Justin	Watkins	justinw@miller.com
219	Elizabeth	Marshall	e.marshall@ayers.com
220	Elizabeth	Johnson	elizabeth.johnson@woodward-ellis.com
221	Holly	Valenzuela	hollyvalenzuela39@johnson.com
222	Spencer	Nguyen	spencern36@atkins.com
223	Ruth	Edwards	ruth.e@hamilton.com
224	Jon	Lawson	jlawson@martinez-blair.com
225	Dorothy	Cox	dorothy.cox88@cervantes.com
226	John	Guerrero	jguerrero@jackson.biz
227	Justin	Cook	jcook27@medina-maynard.com
228	Karen	Gross	kgross12@hines.info
229	Lisa	Gonzalez	l.gonzalez@avery.org
230	Timothy	Ashley	tashley41@swanson-wood.com
231	Peggy	Davis	pdavis@becker.com
232	Tina	Moon	tinamoon@gordon.com
233	Michael	Marshall	mmarshall37@patel-velasquez.org
234	Amy	Brown	abrown@barnes-terry.net
235	Erica	Silva	e.silva@pacheco-roach.com
236	Jennifer	Davis	jdavis33@carroll.com
237	Tony	Stone	t.stone98@romero.com
238	Madison	Deleon	mdeleon89@miller.com
239	Kim	Williams	kimwilliams@clark.com
240	Angel	Moses	amoses@lewis-carpenter.com
241	Anthony	Conrad	aconrad84@butler-smith.org
242	David	Alvarado	dalvarado38@wallace-heath.net
243	Jacob	Burton	jacobb56@thomas-melton.com
244	Christopher	Johnson	cjohnson30@harper-black.com
245	Shelley	Lloyd	slloyd@harrell.biz
246	Shelby	Shepherd	shelby.shepherd@randall.com
247	Robert	Mccormick	r.mccormick28@brown-hughes.biz
248	Dawn	Hale	dhale@williams.com
249	Crystal	Mejia	c.mejia57@cannon.com
250	Rick	Ortiz	rick.o85@martin-adams.com
