First Name	Last Name	Email
Tanya	Ramirez	tanyaramirez43@hernandez.com
Keith	Jones	keithj11@sanders.com
Tom	Matthews	tmatthews17@alexander-woods.com
Brooke	Williams	brooke.williams@randolph.info
Mathew	Burnett	mburnett@fletcher.com
Samantha	Robinson	srobinson20@barnes.com
Aaron	Johnson	aaronjohnson53@wise.com
Donna	Baker	d.baker@castro.com
Susan	Stevens	s.stevens63@martinez.biz
Justin	Bowman	jbowman@williams.com
Deborah	Torres	deborahtorres40@reyes-christensen.com
Stacey	Hall	s.hall@rodriguez.info
Nancy	Campbell	nancyc38@gray-vasquez.com
Michelle	Reynolds	michelle.r66@payne-davis.net
Leroy	Herring	lherring26@preston-gardner.org
Stephanie	King	s.king75@murray.com
Rachel	Cruz	rcruz@parrish.com
Lauren	Richards	laurenr@hamilton-wilson.com
Jennifer	Ortiz	jortiz@casey-mendez.com
Samantha	Lawson	samanthalawson47@ray-taylor.biz
Hailey	Wright	hwright88@silva-manning.biz
Alice	Thompson	athompson76@stein.com
Robert	Medina	robert.medina@brooks.com
Tiffany	Evans	tiffanyevans76@sharp-reid.com
William	Lewis	williamlewis@mason.net
Katie	Moody	katiem90@mason.com
Richard	Ortiz	richardortiz63@wade-wolfe.org
Walter	Heath	wheath42@rodriguez.com
James	Nguyen	james.nguyen61@douglas.info
Samantha	Butler	s.butler@curry-green.info
Aaron	Black	aaronb@bond.com
Jacob	Carson	j.carson55@cox-hernandez.com
Ashley	Miller	ashleym44@randolph-carr.biz
Ethan	Deleon	edeleon40@friedman.com
Sandra	Bates	sandrabates26@johnson.com
Wendy	James	wendy.j70@richard-white.biz
Kara	Dawson	kara.dawson@johnson-summers.net
Cynthia	Jacobs	cynthia.jacobs@greene.com
Richard	Martin	richard.m37@johnson.info
Jared	Underwood	junderwood92@duarte-smith.net
Beth	Payne	bpayne@price-gray.com
Theresa	Wallace	t.wallace26@harper-werner.biz
David	Nguyen	davidn96@douglas.com
Kristin	Weiss	kristin.w@young.info
Billy	Robinson	billy.r82@evans.info
Thomas	Aguirre	thomasa6@morris-anderson.com
Tanner	Suarez	tsuarez61@lopez.com
Nicholas	Cruz	n.cruz@james.biz
Arthur	Whitney	arthurw65@valdez-mendoza.com
Pamela	Mendez	pamelam@stewart.com
Steven	Davis	s.davis@diaz.com
Tyler	Martinez	tyler.martinez95@nichols.biz
Erica	Mendoza	erica.mendoza@collins-tyler.info
Jeremy	Arroyo	j.arroyo61@johnson.com
Wayne	Lyons	wlyons@faulkner.biz
Jesus	Cox	j.cox45@kennedy-jacobs.biz
Amanda	Moore	amanda.m@smith-jones.com
Nathan	Sutton	nathans33@sullivan-wallace.info
Joseph	Jones	jjones74@black.com
Ashley	Kennedy	ashleykennedy36@camacho.biz
David	Anderson	david.anderson62@petty-dalton.com
Beth	Owens	betho@lopez.com
Julie	Hamilton	jhamilton@dominguez.com
Deborah	Harris	deborahh96@williams.org
April	Anthony	a.anthony@mcgee-barnett.info
Mathew	Rosales	m.rosales@schwartz.com
Elizabeth	Buchanan	elizabeth.buchanan21@owens.com
Leslie	Houston	lesliehouston95@wilson.com
Paul	Marshall	p.marshall@hinton.info
Jennifer	Lee	jennifer.l65@carr.com
Mark	Harrison	mark.harrison@campbell.com
Joan	Austin	joan.austin68@george.net
Steven	Miles	smiles@gilmore.org
Mary	Aguilar	marya@melendez.com
Elizabeth	Gross	e.gross@cantu-hendrix.org
Tammy	Perry	tperry13@jones.com
Jose	Wilson	jose.wilson42@ruiz.net
Paula	Johnson	paula.johnson@orr.com
Jared	Smith	jaredsmith29@lopez-howard.com
Stephanie	Johnson	stephaniej@wright-kim.com
John	Hernandez	j.hernandez@cole.com
Sara	Nicholson	sara.nicholson@brewer-blackburn.com
Carrie	Chapman	carrie.chapman@rhodes-cordova.net
Larry	Kirk	larryk@wallace-wilson.com
Alicia	Coleman	a.coleman33@price.com
Sarah	Snyder	sarah.s@herrera-kennedy.com
Joseph	Herrera	joseph.herrera31@perez-murphy.com
Kristen	Sheppard	kristens71@mccoy.com
Francisco	Harvey	f.harvey89@garza-smith.com
Kevin	Berry	kberry@gregory.com
Jose	Ross	j.ross@nixon-johnson.com
Emily	Walker	e.walker72@daniels.com
Heather	Hunt	heather.h32@jackson.com
Kimberly	Garcia	kimberly.garcia@cole-greene.info
Gregory	Ramos	g.ramos@james.com
Douglas	Foley	douglasfoley@brown.com
Johnny	George	johnny.g89@fleming-andrade.biz
Dennis	Mendez	d.mendez71@conner.org
Jennifer	Miranda	jenniferm93@fisher-campbell.org
Kent	Hawkins	k.hawkins58@morales-johnson.biz
Bruce	Williams	bruce.williams@scott.com
Blake	Palmer	bpalmer@dodson-moore.biz
Ryan	Wright	rwright@oconnor-allen.com
Corey	Nelson	c.nelson86@johnson.com
Victor	Haney	victorhaney@robinson.org
Lori	Hunter	l.hunter34@little.com
Maria	Marks	maria.m83@wood-short.com
Ryan	Macdonald	rmacdonald@wood.biz
Javier	Hansen	javierh@hernandez.com
Amanda	Golden	a.golden59@martin-lara.com
Brandon	Miller	brandon.m89@hampton-long.biz
Caitlin	Gallagher	cgallagher54@bradley.com
Madeline	Miller	m.miller@patton.com
Kristie	Macdonald	k.macdonald89@gonzalez.com
Paul	Swanson	paulswanson@turner-lee.com
Thomas	Lloyd	thomas.lloyd@fox-ortiz.org
Tammy	Mcbride	tammym@middleton.org
Robert	Jones	robert.j15@petty-george.org
Louis	Beck	l.beck37@rowe.com
John	Barron	john.b84@smith-johnson.biz
William	Fitzpatrick	wfitzpatrick@morris.info
William	Torres	williamtorres@wilson.biz
Jodi	Austin	jaustin@ho.com
Cristina	Martinez	cmartinez41@ortiz-schmidt.com
Carrie	Rios	crios@miller-cruz.com
Joshua	Peterson	joshua.peterson@leonard.com
Brandon	White	bwhite38@smith.com
Jennifer	Miller	jmiller@cruz.com
Hunter	Guzman	hunter.g31@buck.com
Adam	Diaz	a.diaz15@dominguez.com
Robert	Gibbs	robertgibbs@rubio.com
Kelly	Hodges	kelly.hodges@singh.com
Thomas	Gillespie	thomas.gillespie@greer-horne.com
James	Gutierrez	james.gutierrez20@wright.com
Kevin	Vasquez	kevinvasquez@davis.com
Sara	Huff	sarahuff@fuller.com
Stephen	Acosta	stephenacosta32@long.com
David	Myers	david.myers@miller-walker.com
Stephanie	Miller	stephanie.miller79@watson.com
Sara	Williamson	swilliamson71@rodriguez.net
Patricia	Martinez	p.martinez11@mejia-tran.com
Jose	Rhodes	jose.r@jones.com
Margaret	Cook	margaret.c41@orozco-randolph.com
Kristina	Dickerson	kdickerson@murray.biz
Jay	Lang	jlang48@johnson.com
Diana	Roberson	droberson@brewer.com
Laura	Lara	llara71@gibbs-newton.com
Cynthia	Reese	cynthiar12@rosales.com
Mary	Hughes	mary.hughes@simmons.com
Lisa	Fowler	lfowler45@thomas.com
Shawna	Ferguson	shawna.ferguson@giles-hansen.info
Mathew	Key	m.key@phillips.com
Tara	Wright	twright@lee.info
Mary	Bennett	mbennett@ross-morris.com
Matthew	Green	mgreen82@jackson.info
Amber	Joseph	ajoseph79@brewer.biz
Shane	Norman	shanenorman@arias.com
Debbie	Wilson	dwilson@sanchez.com
Cynthia	Johnston	c.johnston@thompson-morales.com
Kathy	Thompson	kathythompson@ramirez-johnson.info
David	Anderson	david.anderson@rodriguez.com
Scott	Carey	scarey48@phillips.info
Holly	Johnson	hjohnson67@gonzalez.info
William	Garcia	william.garcia@jackson-nguyen.com
Bernard	Henry	bernard.h35@colon.com
Deborah	Mason	dmason@barker.com
Rebecca	Mitchell	rebeccamitchell74@miller.biz
Julie	Jackson	jjackson23@bennett.com
Jesse	Buck	j.buck90@johnston.com
Tammy	Powell	tammypowell@parsons-rowland.com
Lisa	Mullins	lisamullins@gomez-francis.com
Michelle	Dominguez	michelledominguez44@li.net
Matthew	Henderson	m.henderson15@lewis.com
Lucas	Potter	lucasp44@martinez.com
Mark	Waters	mwaters15@sanders.com
Jeffrey	Solis	jeffrey.s@fletcher-hansen.com
Grace	Hunter	grace.hunter57@simpson.net
Scott	Henry	scott.henry@ingram.info
Kim	Richmond	k.richmond8@williams-schmitt.com
Lisa	Park	lisapark90@nguyen.com
Ronald	Sparks	ronald.s43@cuevas.com
Melissa	Holder	melissaholder@mcintyre.biz
Alexander	Paul	a.paul64@horn.org
Natalie	Jensen	nataliej@craig.com
Valerie	Medina	vmedina57@bailey-thomas.info
Cathy	Taylor	cathytaylor@roman.info
Tiffany	Allen	tallen@phillips-buchanan.com
Patricia	Anderson	p.anderson57@french.com
Gabriella	Kim	gabriellak@dillon-cooper.org
Emma	Torres	emma.torres@guerra.info
Shawn	Esparza	sesparza11@rose-gonzalez.com
Jesus	Dixon	j.dixon@nguyen.com
Michael	Nelson	michael.n76@hobbs.info
William	Miranda	williammiranda45@smith-edwards.biz
Eric	Coleman	ecoleman@russell.org
Aaron	Carroll	acarroll17@morgan.com
Kristina	Reyes	kristinareyes@wright.org
Joanna	Moss	joanna.m@flores.com
Ronald	Hoover	ronald.h@morrison.biz
Amy	Rose	a.rose@andrews.org
Tammy	Adams	t.adams59@clark.biz
Andrea	Martinez	andreamartinez@franco.com
Peggy	Kelly	p.kelly@thornton.org
David	Huff	dhuff@white-gonzales.com
Whitney	Peters	whitneyp96@murphy.com
Sean	Ortiz	s.ortiz@washington.com
Michael	Martin	michaelm@johnson-mosley.biz
Maria	Davis	m.davis39@parker.net
Gregory	Reese	g.reese@ferrell.com
Todd	Phillips	toddphillips47@mora-fields.info
Travis	Paul	travis.p97@smith.com
John	Dodson	jdodson12@mcgee-huerta.com
Edwin	Mccullough	emccullough@floyd.com
Megan	Pierce	megan.p@marks-wilson.com
Timothy	Lewis	tlewis@schroeder.org
Kimberly	Peterson	k.peterson10@kelly.com
John	Garcia	john.g85@howell.com
Justin	Watkins	justinw@miller.com
Elizabeth	Marshall	e.marshall@ayers.com
Elizabeth	Johnson	elizabeth.johnson@woodward-ellis.com
Holly	Valenzuela	hollyvalenzuela39@johnson.com
Spencer	Nguyen	spencern36@atkins.com
Ruth	Edwards	ruth.e@hamilton.com
Jon	Lawson	jlawson@martinez-blair.com
Dorothy	Cox	dorothy.cox88@cervantes.com
John	Guerrero	jguerrero@jackson.biz
Justin	Cook	jcook27@medina-maynard.com
Karen	Gross	kgross12@hines.info
Lisa	Gonzalez	l.gonzalez@avery.org
Timothy	Ashley	tashley41@swanson-wood.com
Peggy	Davis	pdavis@becker.com
Tina	Moon	tinamoon@gordon.com
Michael	Marshall	mmarshall37@patel-velasquez.org
Amy	Brown	abrown@barnes-terry.net
Erica	Silva	e.silva@pacheco-roach.com
Jennifer	Davis	jdavis33@carroll.com
Tony	Stone	t.stone98@romero.com
Madison	Deleon	mdeleon89@miller.com
Kim	Williams	kimwilliams@clark.com
Angel	Moses	amoses@lewis-carpenter.com
Anthony	Conrad	aconrad84@butler-smith.org
David	Alvarado	dalvarado38@wallace-heath.net
Jacob	Burton	jacobb56@thomas-melton.com
Christopher	Johnson	cjohnson30@harper-black.com
Shelley	Lloyd	slloyd@harrell.biz
Shelby	Shepherd	shelby.shepherd@randall.com
Robert	Mccormick	r.mccormick28@brown-hughes.biz
Dawn	Hale	dhale@williams.com
Crystal	Mejia	c.mejia57@cannon.com
Rick	Ortiz	rick.o85@martin-adams.com
